{
    "contentItems": [
        {
            "content": "Go ahead, Senor.  I have my friend to keep me company. With the proper tools, Conor, a naive man can be much more dangerous than an evil one. You are young, inexperienced.  You do not know what time can do.  How it can sap all pity, all love. You must be.  You have responsibilities. You must learn the rules.  You can never attract attention to yourself, never show the side that will draw others to you.  You will always know when you are in the presence of another.  Beware. But more importantly Conor MacLeod, will be your battle against time.  In the coming years you will see kingdoms rise then rot like wheat.  People will become a transitory, pathetic lot.  The only constant you will know will be the others and the tradition their greed and quest represent.  But life without morality, without the ability to truly taste the sweetness of wine and love, is no life at all.  That is how the others exist.  Nothing more than walking corpses living only to slaughter each other in an insane quest to be the last.  Keep your soul sewed to the earth.  Do not become one of them. I am a small player.  But if by helping you I can keep that monster from being the last, then perhaps my life has meant something. This power is divided amongst you, me, and others like cuts in a pie. But the cuts are not equal.  Some, like you and he, have more.  Much more. You have not been fully trained. But you will learn.  And you will be good, I can feel that.  You have apt- itude.  This is why our friend is so concerned. It does not feel nearly as frightening as it sounds.  But the consequences of such feelings can be very frightening. For it gives you great strength.  The strength of _knowledge_.  The ability to stand between the giving of what has always been to what will always be. As they age they contribute to a sum that is the kindling from which all future life comes.  To feel it, to know it, is to be in touch with the will of every living thing. All living things pay dues, Conor.  They must be respected for that. Point conceeded, Mr. MacLeod. The Fabric of life.  The spark that allows the passing of existence from one generation to another. You have a gift.  One you must protect. It will take less effort as you learn. Muy Bien! Oh, the boy has a mouth, now if only he had an arm. Harder!  You swing like an impotent cow! Again.  Try again. Harder.  Concentrate harder. We are brothers.  And you are a defense-  -of sorts. Hide.  Run to the ends of the Earth till you learn.  You must learn to defend yourself.  In this I can help. There is an imperfection.  For all your healing, if your head ever leaves your neck, you are dead. You can survive anything but steel against your threat.  Then it is over.  The end. It is always less with my living. Far or near.  But if I were to die the push would become stronger than ever before.  There is power in this.  And as long as you and I live, The Knight can never have it all. You recall how I spoke of the push you feel and how I make it less? You have done nothing wrong Conor MacLeod. You will live.  Survive. You'd have to die first.  Aqui. You are not dead, boy.  Accept it. Three days you've laid there. It's time you ate. It is the truth. Listen to me.  Hear the words. It is as you are. We are immortal. Conor, you and I, we cannot be killed. Not even a single lifetime. You are still so very young. Some cling to sanity through time with the one continuity and trad0 ition their lives have known: The Game.  You and I Conor, we are different from all others around us.  You know this, you can feel it.  We are flesh and bone like any man, but unlike our neighbors we are rather difficult to injure,  permanently. We are brothers. You feel you know me. Does it change with me in the room? Do you ever feel a flow, as if some- thing were pushing against you? When I was a boy a cart driven by a drunken fool crushed me.  All thought I would die or be maimed for life.  But I healed quickly. And like you I paid the price for being different. It was time for our paths to cross. In my travels I heard the story of the MacLeod boy struck down and brought from the hand of death by powers not of this Earth. I was sent by his majesty of Spain to Inverness as a con- sultant on matters of metal. You Scots have a way with game.  It still has life in it. Spirit.  Back home the food is so...domestic. Hmm, que rico.  What is it you call this? First food, no?  A good meal makes conversation so much easier. And now you live in a small village miles away from all you knew. I should imagine that your recovery must have alarmed your fellow villagers, perhaps giving them reason to invent an explanation.  And a solution. And but for a mark you are well as any man, no? But you lived. Your marks would suggest great injury. Your back, it would seem perhaps you were injured in battle? Please go to no trouble. I am from Spain.  And I would like a moment of your time. Juan Cid Romirez.  Chief surveyor and alchemist. Your name is Conor?",
            "language": "en",
            "id": "u1349",
            "contenttype": "text/plain"
        }
    ]
}
