{
    "contentItems": [
        {
            "content": "Maybe I have a little more respect for this country's institutions than you do, Susie.  You tell me how the hell you can keep a conspiracy going between the Mob, the CIA, FBI, and Army Intelligence and who knows what else, when you know you can't even keep a secret in this room between 12 people!  We got leaks everywhere! We're going to trial here!  What the hell do we really got?  Oswald, Ruby, Banister, Ferrie are dead.  Shaw - maybe he's an agent, I don't know, but as a covert operator in my book he's wide open for blackmail 'cause of his homosexuality. Grab your socks and pull... Clay Bertrand is Clay Shaw... Susie, you're an assistant D.A., remember.  Stick to what you can prove in court. Maybe there's more to this, Susie. The CIA's keeping something from our enemies. No, I'm not... Frank, I don't want to hear it. Yeah, I guess you do. Boss would fry me in hog fat if he knew...  Hey, where y'at, Frank?  You're wasting your time here.  Big Jim gave strict orders.  No FBI allowed. Keep saying what? ...rumor is Shaw, a local boy, was working on some arms deal to discredit the civil rights movement.  No one really knows what they were doing there, but everyone sure saw 'em. They stood out like cottonballs.  I got whites and blacks saw 'em, but last time I checked there was nothing illegal with registering to vote. We still got the Negro junkie, Vernon Bundy, saw 'em talkin' at the seawall near Lake Pontchartrain.  But it's tough, boss - no one wants to talk about Shaw.  He's... Yeah.  They were seen together in Clinton in early September.  The Civil Rights Movement was running a voter registration drive. With whose testimony?  Willie O'Keefe? A male prostitute.  Jack Martini?  A drunk?  Vernon Bundy?  A dope fiend. Shaw's got respect, the newspaper editors, the American Bar Association - they're not... The fact is he's gone, chief, and so's our case. It's addressed to no one and no signature.  \"To leave this life is, for me, a sweet prospect.  I find nothing in it that is desirable and on the other hand, everything that is loathsome.\" You, Numa? What do you think, Lou? Pretty fast, wasn't it.  The way they let him go. So why does he call himself Bertrand? Clay Bertrand is Clay Shaw?  The guy who used to run the International Trade Mart? What's the other name? Who is he, Joe?  I've been to every bar, no one wants to talk. Go on, Willie. And that's where you met Oswald for the first time? Did he pay you for this? Clay Bertrand, Willie? This is Louisiana, chief.  How the hell do you know who your daddy is? 'Cause your momma told you so... You're way out there taking a crap in the wind, boss, and I for one ain't going along on this one.  Jim sighs, saddened.  Bill was one of his best men. Yeah. Maybe 'cause there's some rogue element in the Government! Boss, are you calling the President a murderer? Oh, now you're saying Lyndon Johnson was involved?  The President of the United States? So for those reasons, you're going to trial against Clay Shaw, chief? Well, you're gonna lose!  We should be investigating all our Mafia leads here in New Orleans - Carlos Marcello, Santos Trafficante - I can buy that a hell of a lot easier than the Government.  Ruby's all Mob, knows Oswald, sets him up.  Hoffa - Trafficante - Marcello, they hire some guns and they do Kennedy and maybe the Government doesn't want to open up a whole can o'worms there because it used the Mob to get to Castro.  Y'know, Castro being assassinated sounds pretty wild to John Q.  Citizen.  So they close the book on J.F.K.  It makes sense to me. I don't buy it, chief - why would the FBI cover it up?  You're talking the whole FBI here.  A telex that disappears from every single FBI office in the country? Where you going, boss? Found another note, same thing, no name, no signature.  \"When you receive this, I will be quite dead, so no answer will be possible.  I offered you love.  All I got in return in the end was a kick in the teeth.\" Well, they offered you the carrot, and you turned it down... you know what's coming next, don't you, boss? That's fine, Numa, but what about all the people who aren't writing letters.  They're sitting home reading all these lies.  I just heard NBC crew's in town to do a \"White Paper\" - not on the Kennedy killing, but on us.  One of their top guys, Harry Stoner, is talking to everybody he can find about you, boss... That's gonna be tough.  Nobody's talking. I still have to question what the legal basis is that supports this, boss.  Susie's stuff is colorful, but... But why? He had his palm print on the weapon. And therefore because Oswald pulled the trigger, the intelligence community murdered their own commander in chief.  That's what you're saying! I'm lost, boss.  What are we saying here? Gee, thanks boss. And the six of us, with almost no budget and in secret, are going to solve the case that the Warren Commission with dozens of support staff and millions of dollars couldn't solve.  We can't keep up with the crimes in the Parish as it is, Chief. He'll never sign a statement, boss, let alone get on a witness stand. Well, it's a terrific yard, Chief, but the man's an obvious alcoholic with a reputation lower than crocodile piss. Lord, wake me, please.  I must be dreaming. What the hell's a Communist like Lee Oswald doing working out of Banister's? At 7:30 Sunday morning?  It's not exactly fresh blood we're sniffing here, boss. The anonymous kind, Chief.",
            "language": "en",
            "id": "u1558",
            "contenttype": "text/plain"
        }
    ]
}
