{
    "contentItems": [
        {
            "content": "Sure. The envelope contains currency... all the same denomination, one-hundred- dollar bills. Now, I'm counting it. Every step of this goes in my report.  I am now taking a manila envelope from the subject's flight bag. She knows it's my case? What's she willing to give us? What's she want? She sound scared? What's going on? Hey, Jackie. Ever heard of a fella named Beaumont Livingston? You got a good lawyer? That looks like fifty thousand dollars from here. I have no evidence of your taking anything. You didn't pay for your snazzy new suit with marked bills; I was glad to see that. You've been helping us out, you gave us Melanie and Louis. Melanie had a packet of marked bills stuffed in her shorts when they found her, which goes a long way backing up your story. What about you? We pick up Ordell. We've got three murders we can link him to. We have the storage unit where he keeps his guns, by tomorrow we'll have a search warrant to go in and get him. And we have you. We were, and we lost him. He walked into a strip bar sometime around three thirty and never came out. The bar was on Ninth, less than a mile- and-a-half from where Louis was found dead. It looks like Louis's friend shot him twice at point blank range. Louis Gara's dead. L.A.P.D. found him dead in a car on Ninth. And we've lost Ordell. I sure hope you haven't done anything dumb Jackie. You'd take a polygraph on it? It's possible. You're saying you don't have any idea what happened to that fifty thousand? This guy with Melanie, that was Louis Gara? We had our agent on you. She sees a blonde come out of the fitting room carrying a Robinson's/May bag and tussle with a tough-looking white guy. The white guy takes the shopping bag and they go. There was a guy with Melanie? What did you do after that? You took the time to pay the saleswoman. Where's the bag she gave you? But you didn't do that. You didn't. I would think with all this on your mind, you'd wait till after. I'm glad you realize that. Saves me the trouble of pointing it out to you.  Put this in your shopping bag. It's what I expect to find when I look in Sheronda's. Comprende? Yeah, well, it's not a point of view that A.T.F. shares. Once we make it evidence, it belongs to us. You are now officially out of trouble. Don't do nothing stupid, now. After all, it don't belong to nobody, right? If I did, I'd have to give you one, wouldn't I? Or we could take what we want. No one knows how much there is except us, right? What? To put one of these in my pocket? You didn't count it? That's fifty thousand, huh? It doesn't look like that much. Oh, that's taken care of. I called the State Attorney's Office. You were no-filed this morning in Circuit Court. Well, it's true, isn't it? After this is buttoned up we could meet someplace else. What do you think? Well, this sounds like a lady I'd like to have a word with. So everything's set for tomorrow? But she mentioned Beaumont by name? Was she there? She told you that? What did you say? And splittin' with her? What's her story? Who's the other one? Ever meet her, or they talk about her? ...Compton with a fifty-six-year- old petty thief -- woman named Simone Hawkins. We've been following Mr. Gara, and he's definitely working for Ordell. Bank robbery? Do you know what he does for Ordell? His full name is Louis Gara. He just got out from serving four years in Susanville. You talk to him? You two meet? The envelope contains ten thousand dollars. The subject will be delivering the currency in a... I'm recording this. This is A.T.F. agent Ray Nicolet, Jackie Brown, Ordell Robbie money exchange trial run. It's three p.m., July 4th 1997. The location is the parking structure at LAX. How can you help us? Then how do you know he sells guns? You ever see him sell guns? No shit. You know how he makes his money? Oh, so now you know him? You know what we want. We can look into that. Thanks for waiting, Jackie. Now tell me, what can we do for you? We'll just be a minute. It isn't enough for Trafficking, but how 'bout Posession with the Intent to Distribute? I know what it looks like. And what would this be, Sweet and Low? Oh, Miss Brown?",
            "language": "en",
            "id": "u1597",
            "contenttype": "text/plain"
        }
    ]
}
