{
    "contentItems": [
        {
            "content": "Thanks. You betcha. It looks good on you. Are you getting that black suit? Jackie? What's that fucker ever done for us? You know how easy it would be? He won't be anywhere near that mall. Pull one more switch, up front. That's it. Half-a-million dollars. Need help? You think I'm kidding? So tell me. Having all that money in your flight bag -- Is it tempting? You already knew that? He killed a guy who works for him the other day. You believe that? Yeah, well, I guess you have to trust him.  I'd have second thoughts on that, but then I know 'em. Mr. Walker's my buddy. Ask him about Ordell. He told me to go outside.  \"You may leave us now.\" It's all part of his pathetic attempt to be \"the man.\" You know Mr. Walker don't you? This time? Almost a year. I've known him forever. Gimme one anyway. Better get me another Sam's.  Join me in a Jaeger shot? Great...  ...Wanda! Good luck. That guy's been in there since I got here. Buy ya a beer? Okay, Lou-is. You sure? Is it this aisle or the next one over? You sure? Is it this aisle, Lou-is? Okay, you got it. Just take a chill pill, for christ sake. Watch it, dipshit. You wanna rip the fuckin' bag? Fuck you. I can carry it. I'm getting out of here. What do you think? Are you sweating? That's a nice outfit on her. I'm gonna go over and look at this Michi Moon display. Jesus Christ, get a grip, Louis. All right already. ...and just take it from him. Let him and that stewardess get that money over here... Course he did, he tells everybody who'll listen. That's what he's doin' with this stewardess. He's scheming how he can get it over here. I live here. He drops in and out. He tell you about that half-million dollars he's got in Mexico? Please. He went to meet that stewardess. That's not what I'm saying at all.  You know where he went? He killed a man worked for him the other night. Well, so far he is. But you have to admit he's not too bright. Is it dead? Now that's over, let's get to know each other. Wanna fuck? Not really. We didn't have much to say to each other anyway. I never got to know him that well, but I knew enough to know I wasn't missing much. I keep that, because of all the fuckin' time I was there, that's the only picture I got of me in Japan.  That's Japan. I never got to know him, really. I couldn't speak Japanese, and his English was terrible. But I couldn't say anything, because his English was better than my Japanese. That's the guy I lived with... his name was... Hirosh. About five years ago. I lived there for about nine months. That's a picture of me in Japan. Did you ever go I one? C'mon, don't lie. Were you a disco guy? With Ordell? Where were you? That was taken at a place called \"Flippers.\" It was in Hollywood. Were you in L.A. back then? The beach. Or get high, drop acid at a friend's place. I was a K.L.O.S. girl. I hated disco. Noooo, I was a surfer girl. Besides, I was only fourteen. I couldn't go to discos. I was pretty much the same height now as I was then. Yeah. Fourteen. Which one? No, it's what body builders drink to beef up. It's like this major meal in a shake you drink instead of having a big meal. Want a Metrix? Coughing opens up the capillaries. When you cough, you're getting air -- in this case smoke -- to parts of the lung that don't normally get used. Coughing's good -- gets ya higher. My dad coughs when he smokes all the time. You okay? Yeah, there's another hit left. Really, I'm impressed. What for? Four years? How long? Where at? When did you get out of jail? Want a hit? He's just repeating shit he overheard. He ain't any more a gun expert than I am. He thinks he's Joe Gunn now. It's boring, isn't it? No problem. I was gonna tell you... Not if your ambition is to get high and watch TV. Hey, hey, hey. I think somebody's got some new clothes. 'Ola! It's Beaumont. You know it's for you.",
            "language": "en",
            "id": "u1596",
            "contenttype": "text/plain"
        }
    ]
}
