{
    "contentItems": [
        {
            "content": "He's pitiful, Doc, a goddam puppy. I don't know how much longer I can put up with it. I already got two arms and legs, I don't need another appendage. I don't know if I can quit. We're gonna try it together, like, you know, AA or something. And I made him give up his .22. No more sneaking around the hills with his fucking nut gun like some loony tune. I said I'd consider it. Nobody owns me. And the last thing was insane. I don't know what's wrong with him... No magazines. ...What balls on this guy? What're we...  ...going steady? Jesus. First off, he tells me to stop smoking cigarettes. I told him abso-fuckin'- lutely no. As you can see -- He said -- \"Which we already knew!\" ...I mean, Doc, the dude is seriously deluded. I said that to him, I said, \"If you think I'm gonna do all that shit for you, man, you are seriously deluded.\" No. I don't know what he wants. But I know I don't like being watched. Nobody's ever paid any attention to what I did, and I liked it just fine. Where does he get off telling me I disrespect myself?  Fuck him. Look in a mirror, bozo. There's this kid at school... Martin Brockett. He has some gigantic idea of himself that no one else shares. You wouldn't believe the crap he lays on me... Who appointed him my spiritual leader? If he has everything so figured out how come his best friend is a .22 rifle? And why's he spend all his time chasing after me? Probably thinks I'm gonna give him a hummer... This shrink school you went to... did you hear about it on an infomercial? I don't think you know what you're talking about. These appointments were not my idea, remember. What are you talking about? I want to have the session. I thought it would be cool if I could show you some of the things that interest me. But I guess you're not into it... which we already knew. What are you doing? We're not done. I just need to find the thing... Just chill for a second. Look at this guy, it appears he's actually dead... but gorgeous. Isn't she amazing? That is such a wicked look. It's a really weird thing for a shrink to say... and then you said maybe people'd be happier if they'd accept that some things don't change -- that it'd be some kind of a relief or something... I knew you wouldn't answer. I've been thinking about what you said last time. How me trying to lose weight -- and constantly not -- is like a lot of people with addictions. How maybe I can't lose the weight, ever...  Which we already knew... Have women found you attractive? Where?... The New York Times. The first one was -- \"he handles produce well.\" Which we already knew!  The point is, you have a lot of the signs. Fuck the community.  There was this article my friends and I read. It was \"25 Signs He's Great in Bed\". It was very fascinating. Pro boner?  Pro bono, huh? For whose good, supposedly? The school board doesn't pay you? What kind of deal is that? Don't do that thing...  ...that shrink thing. Monthly! God, how shallow do you think Brad is? Why do I waste my time telling you this stuff? In maybe three or four issues. ...so he already had the tattoo that said, \"Naomi Forever\"... and now they're broken up, see, and he has to have it removed. But while the scar is still healing, or whatever you call it when you have a tattoo removed, he meets Chandra. And it's serious, immediate love. So in no time, he's gone from the most gorgeous model in the world to the most gorgeous actress in North America.",
            "language": "en",
            "id": "u2197",
            "contenttype": "text/plain"
        }
    ]
}
