{
    "contentItems": [
        {
            "content": "She might!!! She might do it, Albert, but you can't fuckin' tell me that she does!!! In case!!! The gun's in case!!! She does not! I do!!! I know! I fuckin' know! Who? Who is? Let's go!!! Hey, Nick, I mean... This here is for the guy that gets caught! Well... you remember Cynthia? What do you think? You think he's been picking flowers? Fuckin' guy's been saving your ass, Albert. Everybody's ass! Even in Europe! Fuckin' guy's been shooting slants, Albert! I mean, what do you think? Where the hell were you? We were all set -- beer, broads. Right? Am I right? Nick...?  Jesus, Nick! What the --! It's gotta! It's gotta be the next one. I mean it's gotta be! Right, Albert? So he's in the next one, Albert. I mean take it easy. I mean you're driving everybody nuts! They did too! I'm telling you, they changed it! Who's full of shit? This is it. Definitely. This is it, but they changed it. It is too! Now you passed it! I'll get it! Where is it? And we want you to know, Sal, that any help you might need-- What do you think, Sal? Jesus, you think we'd miss this? Where's it gone? 'Course how could you miss, right? Twenty, maybe thirty feet. I mean, if I'd'a been where you guys were -- Hey, Nick... Take last night...! Last night he coulda had twenty fuckin' deer! More! He coulda had more! And look what he does! I mean look what he fuckin' does!!! Merle, hey Merle, you got any socks? Get 'em! For Christ sake, get 'em! Oh well! What do you mean Oh well?! The guy is actually... He did it again! That's what he's doing... He... He's reaching in, John, to her --! I'll kill him! I'm gonna kill him right now. Look at that, see... Watch. Wait a minute, watch. There! D'j'u see that? D'j'u see the way he... You know what that guy is doing? That guy is squeezing her ass! Hey, guys... You know what I think? There's times I think you're a goddamn faggot!... I fixed you up a million times, Merle!  I fixed him up a million times! I don't know how many times I fixed him up... and nothin' ever happens... Zilch! Zero!... The trouble with you, Merle, no one knows what you're talking about! \"This is this\"? What does that mean, \"this is this\"? I mean is that some faggot bullshit, or is that some faggot bullshit!!! And if it isn't, what the hell is it??? You're one fuckin' bastard, Merle. You know that? You're one fucking bastard! Some fuckin' friend... You're some fuckin' friend, Merle! What do you mean, no??? No!!!? Then lemme have 'em. Here! This is it! Here, here! This is it! I'll betcha! That's bullshit and I'll betcha! You're fulla shit! Bullshit! That's bullshit! Quiet!... Quiet!!!... Awright, everybody, Nick has a few words. The fuck I did!!! What the hell was that!  What did you think? Did you think it was loaded! Just like always! Just like it always was! Right, Nick? Am I right? And I believed you! I oughta punch you out! I oughta...! Hey. Hey, let's go huntin'! Albert! Hey, Albert! Let's go huntin'. What do you say? Nick? What do you say? You're full of shit! Six or eight.  And they go wild? Oh, Jesus!  You're kiddin'! No! Hey, Nick, you ever do it with one of those slants? I mean, I guess you still think about Nam. Right? I mean -- How's it feel, huh? How's it feel to be back? What's it for?? That's who. Aw, it's a long story! Same old thing. Hey, same like always. Nothing's changed. Albert is getting fat. He's getting married... and we're nuts!",
            "language": "en",
            "id": "u4812",
            "contenttype": "text/plain"
        }
    ]
}
