{
    "contentItems": [
        {
            "content": "No!  It can't be. I was dead.  And came back to life. An EEG machine.  Where's Eugene? Yeah, fuck 'em.  No offense. What do you want me to do? Yes.  I was in a hospital.  There was screaming... A nurse was choking me.  I couldn't tell what she looked like, but the name tag was right in my face.  Kalarjian. No, it's not here.  This one was different.  More like the pile up and the van going into the lake. This makes no sense.  Isabella was supposed to crash her van into a lake.  Could we have altered her destiny when we had her arrested? And when it was Rory's turn to die, and Thomas was in the way? What happened when Eugene tried to kill himself out of turn? No.  If anyone dies from a crash now, it'll be me.  But I can't die if Eugene and Isabella are still alive.  I'm last on Death's list. What about that? So if you give us the pregnant lady's number, we can warn her about the lake and she'll live long enough to have the baby. I can practically taste the water in my throat.  And something else.  The smell of flowers... I was driving a white van.  It must've gone out of control because it crashed into a lake and I drowned.  It was...horrible. I...I... The second one just dies.  A 16 year old kid. How can you say that?  What kind of monster are you? The songs on the radio.  But wait.  I don't understand.  Why is this even happening to me? Signs? That still doesn't make sense.  You said you die in the same order you were originally meant to.  But Evan Shaeffer died last in my premonition, not first. Officer Burke pulled me away from the crash that killed my friends. Exact order?  Then I'm next!  I was meant to die with my friends, so I'm next! What list? It's not just about me.  Someone I saved died last night in a freak accident.  What if the others are in danger, too? I had a premonition about the Route 18 pile up... I saved some people. And now I think Death is after me. I thought...I thought you might be able to help me. For God's sake, leave him alone, Dad. Welcome back.  We did it.  For real. You can't cheat destiny.  I know what I have to do to save us.  I have to die. I'm not sure... I don't think Isabella was ever destined to die in the pile- up. I don't...what if I made a mistake? I know how it feels to be dead. Shouldn't we pull over? I think a nurse named Kalarjian is going to choke Isabella to death! Don't worry.  Nothing can happen to us. He can't breathe damn it.  I think his lung's collapsed! How do you know? Are you thinking what I'm thinking? How are we going to find her?  There must be thousands of white vans in this state. It throws the entire Death list out of whack.  And a new list has to be rewritten from scratch.  We all start over with a clean slate. Yeah, I thought he was supposed to be helpful. This is cheery. We have to tell her she's in danger! Turn around.  The cleaning woman said they're at the dentist's. 14th and Main. They're next on the list.  We have to find them. Pigeons... It's a sign!  If Clear's right about the order, then Nora and Tim are going to be attacked by Pigeons! Clean up?  I don't... Then you believe all this??  That Death is working off a list? Evan Shaeffer's dead. ...My Premonition was just like his. Billboards about accidents.  Kids yelling \"pile up\" for no reason. It all felt...just wrong. Just like...  The log truck...and everybody I guess. Everyone was driving like a maniac. And somehow I knew something horrible was going to happen, even before it did. Like I said, it was like I was there. I remember everything.  The sounds of the crashes, the smells, the look on Shaina's face... You're not listening to me!  You have to do something! THAT's the truck that's going to kill everyone! There's going to be a pile up.  Logs. Bodies everywhere.  I saw it happen. It happened. Highway to Hell, Highway to Hell. There's going to be a huge accident! Everyone's gonna die, all of us, I saw it! There's going to be a huge accident! Everyone's gonna die.  All of us!  I saw it! What's the chance of finding a nice mature guy once we get to Daytona? I can live with thaaaa -- This trip better be worth it. What's the guy-girl ratio again? No, I'm good. I guess so. I...I don't know. Sure. I don't know what's weirder, the dialing a wrong number part or that Death would set you up nine months in advance. More than that.  All the songs on the radio were about car crashes. Some kid's banging toy cars together.  She was dialing her cell phone with her headset on.  His car was leaking oil all over the road. I used to have those feelings, too. But that's when I'd think of Mom. Her strength...and courage.  And I'd pray that maybe I'd grow up to be as brave as she was.  And the bad thoughts would go away. I love you too, Dad.  Goodnight. That it's not over yet. I know it's crazy, but I'm really scared for the others.  I've got this terrible feeling. I will, Dad.  Bye, luv you. You got it, Dad.  I'll call you if I have a problem. Hey, Dad.  What's up? I know, Dad. I know this is the first time we've been apart since.  But everything's gonna be okay. Relax, Dad.  It's Daytona, not Mongolia. Thanks, Dad.  I'll call you.",
            "language": "en",
            "id": "u5281",
            "contenttype": "text/plain"
        }
    ]
}
