{
    "contentItems": [
        {
            "content": "Ever pick your feet in Poughkeepsie? What? What's my name? Where do you want it? Who brings it? What? Got a wife named Angie. B.O.C.A. I got a name - Sal Boca, Brooklyn. How come there's nothing out there? That stuff is all milk. How's everything? Cause if I do. Did I say you could move that hand -- I'm not gonna get stuck am I? You don't use shit? What about you?  Can you stand a toss? You made three sales to your roaches back there.  We had to chase you through all this shit and you tell me you're clean? Did you ever sit on the edge of the bed, take off your socks and stick your fingers between your toes? Were you ever in Poughkeepsie? Did you ever pick your feet in Poughkeepsie? Ever pick your feet in Poughkeepsie? What's your name, asshole? Yeah, I know.  Where's he from? This Charnier guy.  He's in shipping? Yeh?  Who else? What's he do? Where from? Names. No, I figure he stays here.  Where's your registration? He got off on six. Morning.  Sometime. A piece of ass wouldn't kill me. Strike out, eh? Where the hell is it? Hey, Mutch!  You want bacon? You want some eggs. I hear the health department is going to close this joint for selling dirty beer.  I come by to help you carry out your money. Willie Mays. Tumble it.  One end to the other. A bunch of lousy little spic car thieves. Walter, I can make this case if the Feds will get the hell out of my way. The Westbury?  Balls.  I got him down at the subway at Times Square. What the hell's goin' on?  I make him coming right out of the hotel free as a bird.  Not a soul awake. Bill, keep shootin' your mouth off and I'll knock you into the middle of next week. Look.  My partner and I found this case and I don't want no Feds screwing it up. Who's on him? Same car. Timezit? This is my case.  Get these guys off my back and let me handle it. I say we keep sittin' on Boca. What about Sal? The guy's a frog -- I'm pretty sure. Also he made me.  Stayin' on four but went up to six -- cute. Pour it in your ear. Throw 'em in the bathroom, will you? How good are the warrants? You got the warrant? The crazy kid handcuffed me to the bed.  With my own cuffs. Let yourself in. I can't. Yeah. This could be it, Walter.  This Candy Store guy, putting on a big show in a fancy nightclub with known connections all over him. Then on our own, after working the whole day and night, we tail him out to Brooklyn and sit on him for a week practically, and who do we come up with?  Joel Weinstock.  You gotta let us have it. We're goin' now!  Goodbye. I'm goin' check on this address in the Bronx, if you're bullshitting me, it's your ass. What the hell am I drivin' for? I'm a first grade Detective. You're a second grade guinea. He was the bank on that shipment outta Mexico three years ago. Makin' wine in the basement.  He looks like that wop stooge used to drive for the Fracisi brothers. I think we oughta burn him on suspicion. Toy wit' this will ya. If that's not a drop or a pickup, I'll open a charge for you at Bloomingdale's. Monica?  Who's Monica? Come on -- just for fun -- The greaser with the blonde. Whatta you say we wait and give him a tail? Hunh-uh.  Check the bread.  He spreads it like the Russians are in Jersey. What about the last of the big-time spenders.  You make him? Who is that guy? I make at least two junk connections at that table in the corner.  The guy is the stripe combo, I know him too. Whip it out. Come on -- one drink.  Whatta you say? Let's popeye around the Chez for a half hour, catch the end of the show and a couple drinks. Never trust anybody.  You goin' sick? Never trust a nigger. Havin' trouble?  You're a dumb guinea. How about that time you were picking your feet in Poughkeepsie? Whyn't you get it dry cleaned and burned. Pass. Where'd you get this fag shit? Whatta you got? Hiya, Jesus.",
            "language": "en",
            "id": "u5382",
            "contenttype": "text/plain"
        }
    ]
}
