{
    "contentItems": [
        {
            "content": "No. Summer would have been a lot less without you. You're a true friend, Donald. Now what? What did I do this time? Okay, okay, just don't everyone talk at once...First of all, little Jason has a learning disability... Yeah. And? This is not the way it was supposed to-- I was going to start writing a children's book using input from all-- I don't even like smoking! I'm sorry. It just...It seems silly. Like kissing a girl. The oak where Jocelyn sprained her ankle. I'm not a nai-ive little... Why do you even like me? Geez, what time is it?  I have to go feed Big Chief Oberon...You're right, I miss him. Wichita, that is.  I really want to be with him, but I can't bring myself to--Are you a lesbian or are you... You know you just do this for shock value. It's not shocking. What are you doing? I just don't know about this whole actual sexuality thing--How do you go from being friends with a guy to wanting to put the thing he uses to go to the bathroom with in your mouth? I don't know about you dickweeds, but I gotta go take a nice, long juicy dump. Talia, just because you happen to be Jewish, doesn't mean you can make fun of someone desecrating the Lord's body... Well, the first week of camp has swhooshed on by and I thought this a perfect time to finally pow-wow. I think we should discuss-- Hey--whaddya say, we need another muskrat to join our Sunshine circle. Scurry up!  Isn't Fun great! Nobody really changes at summer camp. They merely find out who they are and become it more than ever.  You can't be helped, Wichita. I'm not sure you can be punished, either. But let's find out... Yes!  God yes!  I would tell her that I love her!  To not let anyone take away her dreams..! Yeah, why should we let our actual personalities get in the way of us falling in love? Isn't this the time where one of us says something deeply offensive to the other one...We're just so different. I have to get up. Still more to do. That boy hates Asian people. That girl thinks she gave her Mom cancer by dropping a plate on her hand. Her daddy touches her. His daddy never touches him. It would have been cooler if I'd died. Iunno.  Of course I believe you. It's so you...I didn't think it was possible                        ] for you to make me feel worse,                              ] but...you're saying you <u>deliberately</u>                        ] destroyed us!  I don't even get I'm-                        ] sorry-it-was-the-heat-of-the-                               ] moment...                                                   ] ] WICHITA                                            ] I know, I'm...I'm evil.                                     ] ] WENDY                                              ] Oh that's right, baby, you're so                            ] \"evil.\" You're, you're so \"dark\"...                         ] ] WICHITA                                            ] We should get back.                                         ] ] WENDY                                              ] You're not evil or dark...you're                            ] just scared.                                                ] Something more interesting than that...How could you?  How could--! Ah, our last night at camp...I always knew it would be something special. This isn't about \"doing it.\" I just think we need to talk some things out privately before... Excuse me, Wichita, I can't seem to reach the top shelf in the storage room. Could you... Be nice. Her father died in that TWA flight the government shot down...You know I'm going to be in the city next week. My mom says it's okay that I stay overnight at your dorm...It'll be nice to see you in                          ] a different shirt.                                          ] ] WICHITA                                            ] Oh, I didn't tell you. I wear this                          ] all year round. The chicks dig it...                        ] Do you really think we're fooling anyone? Oh my gosh, why didn't you say something earlier... Are you allowed to do it more than once a night? Probably. Fuck off. Don't worry, you... I love you. Don't say I love you, too. I hate that--\"love you, too.\" And you'll be happy to know I'm going to drop my Snow White and the Seventy Dwarves act...Not all of it, but... About ten years a--why...Don't look at these...Come on...Stop. Don't be. Don't be sorry for your thoughts. They make me...react. I don't know...all I know is that I can't go through another summer where I <u>almost</u> did something. Iunno. What else don't you believe in? Do you really not believe in God? Gosh, this is really a great conversation--I can't believe I said that out loud. I think your condescension is even better. Ann Taylor would have paid a lot more, but I wouldn't trade this experience for the world. Sometimes the first time you understand anything is when you have to explain it to someone younger-- You think I'm a big dork don't you? Yeah. I guess I do. We had fun. I even got along with Talia-- for about three minutes. I don't know why she hates me so much... Oh you know, Bosnia, the importance of the right to vote... Hey. I-unno...Don't worry, I had everything on the hand memorized.",
            "language": "en",
            "id": "u5783",
            "contenttype": "text/plain"
        }
    ]
}
