{
    "contentItems": [
        {
            "content": "I couldn't tell her...it's, it's too major...Jesus, I'm starting to believe in God and what's worse I think I like the guy. The lightning bolt was just a test, right?  Wendy and I--we're meant to be. I'm right, right?  I have to see her... I'm in the picture on Wendy's wall. Niagara Falls. Family trip. Little Wendy foreground. Me background. What are the odds on that one? She's still pissed at me and took it out on you. We should have taken it slower. It's hard to operate in the woods. Much easier in, like a club.  Tell the girl you've got to go do something, leave her view, take way too long until she is worried that you're not coming back. Just as she starts feeling awful, you come up from behind and touch her neck... Howdy Pouty. Make it seem you have this comfortable, mysterious life and you don't give a shit whether she's a part of it. Oh, and bring up India, Talia has this obsession...  Whoa, Donald, play hard to get, not hard to want...Let Talia know that your goofy act is just something you do for the kids.... They wouldn't be a bit surprised.. Yowza--Only a virgin could answer that fast. Pamela Anderson, Kate Moss, Halle Berry, and Fiona Apple, all naked in one room. You can do anything you want to them, except one of them has full-blown Aids, and you don't know who. And you're not allowed to use a condom. Eric...You can't be like me. You have to be better. I'm not the guy you think I am... You know, I think I left something by the lake. Could you check it out-- You'll know it when you see it... That really sucked, Eric, what you did, asking him that... Eavesdropping, eh?  Hear anything good? Hello?!  What's in it for me? Goodnight, Jasper. Hey, it's not a crush anymore if                            ] you actually say it to the person                           ] you supposedly have the...                                  ] ] JASPER                                             ] Thought I'd get points for a post-                          ] modern approach to coming on to you.                        ] Hey, I thought I wasn't your type. Your Secret admirer? You're all making me blush... When all else fails, Jasper--Gum. Even now in these troubled times,                           ] every child's drug of choice.                               ] Go stand by the flagpole. I just never thought of you in that... Talia, you're a wonderful person... Talia, you know how important our friendship is to me and I would never do anything to... Ooh look, time to confiscate my first water balloon... Shut the fuck--! Stop!  Stop it, this afternoon was not what you thought...I overheard you and Pixel, at the side of the mess hall, your idea about the \"test\"...Do you believe me? What do you want me to say? Not now, Wendy. She got a little poison oak and started screaming for assisted suicide. Do you really think I care? Excuse me, Counselor Wendy, I need assistance in finding that important...thingie in the storage room. It's been known to happen. I should leave. You probably need your rest. I know what you mean. But it doesn't put me in too great a position... I was thinking...if we could mesh my way of thinking with your way                            ] of thinking, we could really do some                        ] great counseling. It's all about                            ] the evolution of the species, we                            ] can improve...                                              ] Todd was out there blocking the                             ] entrance. You would have been proud                         ] of me...My suit of armor is starting to come off. Not all of it, but enough to walk around... When were you in Niagara Falls? \"Iunno.\" I'm really beginning to hate that word of yours. I'm sorry for sounding hostile, but I'm not sorry for... So this is it, anybody you don't agree about everything with can't be your friend... Talking while kissing. It's okay, there's a lot of things I don't believe in... You know, this reminds me of the time we were talking about something and then just started kissing... We have more in common than you think, Wendy dear. I loved summer camp when I was young and I love it now. It's important. Between school, family, friends, pot, playstations, basic cable, and the goddamn Internet, it's possible to go your whole life without listening to your soul. Out here, in nature, away from the shit, surrounded by reminders of who I once was...I get recharged. Now who's the dork? I think your passion is terrific. Talia's a rock. She'll be fine... Yes you do. Yeah, we talked about sex, too. Oberon must be sweating in his sleep. Hey--that coffee?  You're a goddess. Gimme, gimme...So what you gals talk about? That's not what I was worried about. What in the hell did you do that for? What are you doing, Wendy?  What's in that cup? No. Fuck no. If you met yourself as a child, would you hug her and say everything's going to be okay... I'm just thinking I'm glad I broke up with everyone I ever went out with.  The swelling is gonna go down, right? God, you're beautiful. Next to \"boring,\" \"Sucks\" is the most painfully overused word in the current English language. I thought if I could reverse the meaning of \"sucks\" so it means something positive, I don't know...It would be vaguely revolutionary. It's kind of my social experiment for the summer. \"Suck\" is historically a nice word-- sno-cones, your mother's...",
            "language": "en",
            "id": "u5785",
            "contenttype": "text/plain"
        }
    ]
}
