{
    "contentItems": [
        {
            "content": "And we will send you to whatever God you wish. There are varying degrees of evil. We urge you lesser forms of filth  Not to push the bounds and cross over into true corruption... into our domain. Do not kill, do not rape, do not steal. These are principles which every man of every faith can embrace. With every breath we shall hunt them down. It is your corrupt we claim. We do not ask for your poor or your hungry. He's a good man. That's the guy that got us off the hook with the \"Checkov\" thing. There he goes.  Okay, gentlemen. Are we ready to bring this man into the light? Are we ready to truly do the work of the Lord? Give the guy a shot. We've teamed up with a sex offender. So what do you think? Holy shit. Who? How many? Then what the fuck? Where are you goin'?  Did you tell him? Kill em all. Admit it, even you've thought about it. Mafiosos getting caught with 20 kilos and walkin' on bail the same day. Nine bodies. Oh, we're good man. On TV ya always get that asshole that jumps behind the couch. That was way easier than I thought. Asshole!? I'm not the rope-totin' Charlie Bronson wanna-be that's getting' us lost! No, fuck you. This rope is bullshit. I'm sweatin' my ass off draggin' this stupid thing around. Must weigh 30 pounds. Where the fuck are you going? Just like on TV. Me, too. Nervous? All right, get the stupid fuckin' rope. What is all this \"they\" shit? This ain't a movie. Me too. That's stupid. Name one thing we're gonna need it for. Oh, you've lost it, haven't ya? What? For what? ...so that which is good may flourish No pictures, either. German.  Not in our neighborhood, man. A hundred percent Irish. No one talks to cops. Period. How do you think he figured all this out without talking to us? \"I'm afraid we can't let that one go, Ivan.\" Yeah, it's St. Patty's day. Everyone's Irish tonight. Now, why don't ya pull up a stool and have a drink with us? Don't c-cross the road if ya can't get out of the kitchen. Okay. We're ready. \"What do we tell him about the guns and money?\" All right, love ya ma. Listen, before ya go just give us the goods, eh? He got beat up by a girl. I gave him his first lesson in sensitivity toward the fairer sex just today. Lord have mercy. That was a good one ma. No fuckin' hot water man. That... How many? Aye. Aye. We promise. Well you tell him ta take it easy with that. He's gotta learn ta respect women the way Connor does. Just called ta torture us did ya? Oh, she's quite proud of herself. Oh my god! What the...? We'll keep going, Roc. We have to go now.  We're on the lamb. You bet your ass he will. What the fuck do you mean? Well he sure as fuck knew you! Well, I'm sold. You look like Mush Mouth from Fat Albert. Well, truth be known, those first ones just kinda fell into our laps. So? Liberating isn't it? You sure you killed them? This is some crazy shit, man! No. You sure you're okay? Roc. You okay? Hello? No. You sure you're okay? Roc. You okay? Hello? Fuck it! What kind of flowers ya want at your funeral? Ya dumb Wop. This is the last time I'll see you. Bye-bye ya stupid son of a bitch. Use your brain for once. Is it so unbelievable they don't care about you? You are fuckin' dead, you go in there today. Dead! Oh, Jesus. You're such a fuckin' retard! Yeah, fuck it. If you think about it, it's all you can do really. You can't tell him it was us. Go in braggin' and shit. Who says that? You could take credit on it. We're like 7-Eleven. We ain't always doing business, but we're always open. Hallelujah, Jaffar. Right now.",
            "language": "en",
            "id": "u592",
            "contenttype": "text/plain"
        }
    ]
}
