{
    "contentItems": [
        {
            "content": "I have to get back. I had him! And then I lost him.  In the fog. That's I.A.'s pit bull. Four unwarranted shootings, witness intimidation, and cocaine theft. So far. Nice kid. Just after Leland Street. What about your shoulder? No.  But I covered it up.  I lied. Byrd's dead. Walter Byrd killed Kay Connell.  Her things are in the house. It's legitimate. Not really. Duggar called him? I don't remember. Then change it. I'm going back to the Lodge, Ellie. Still need to go through some of Kay Connell's school records. It's okay.  Happened a long time ago.  He was killed in a fire.  In New Mexico. She your only sibling? Who's playing? I could say the same thing about you. Call all of them from here to Anchorage. Tell them we now know that Kay Connell left the party with a dark blue knapsack, but we haven't recovered it yet.  We can get it in by the morning editions. This murder was in the papers, right? Good.  He's up next. Who's that? Do it again. I want you to check this out, Ellie. Typical seventeen year-old.  She went to a party Friday night? It's all about the small stuff.  Small lies.  Small mistakes.  Small oversights. People give themselves away in a traffic violation just as much as they do in a murder case.  It's human nature. Don't give misdemeanors a bad rap. Guess that's what they call Alaskan hospitality. You did your homework, Officer. My partner... Right.  Got lost in the rocks. Anything.  It's important. That's why I'm here.  I need to know exactly what you saw yesterday, Farrell. He would have liked that. Thanks. Where is he? So? That's right. No. Good. What? First I need a copy of the key. I'm going to the hospital to talk to him now.  You get the search party together.  No fewer than thirty people.  I'll meet you in exactly twenty-five minutes.  Don't waste any time. I told her to come. No. We're sure it's hers? Who was the last one to see her alive? What time was that? No fibers, skin flakes, hairs... You tell Buck and I'm involved whether I like it or not... Goddammit, Hap.  Think about what you're doing... Don't do this, Hap... Looks like the natives are restless. Well her mother didn't buy them for her. Mike Flynn's a dirty cop, Hap!  We are nothing like Mike Flynn.  We did what we needed to do to make sure that son-of- bitch Dobbs paid for what he did.  And every bastard like him.  We say one word about it and every case we ever brought in is going to blow wide open and they'll all walk.  Every last one.  And I am <i>not</i> going to let that happen.  No deals.  No compromises.  No discussions. No way. One word to I.A. and he walks. Weston Dobbs killed an eight year-old boy and left him hanging in the basement like a piece of meat.  You remember that? We say nothing.  It goes away.  Simple as that. He's just rattling your cage. He's asking everybody questions. That's right. You know my plan of action. We'll talk when we get back to Seattle. What do you want to talk about? He knew exactly what we'd be looking for. Made sure to cover up all his tracks. They're all over everybody. Seven years. We're under investigation now.  Back in Seattle.  Hap wanted to talk.  As soon as we got back.  Thought he could work out some kind of deal. There've been other cases.  Where we've changed results.  Pushed witnesses. Manipulated evidence.  But Dobbs.  I wanted Dobbs more than anything. Me and Hap.  A year and a half ago.  I knew the second I met Dobbs that he was guilty.  Smug, cold.  Dead eyes.  We had circumstantial evidence, but nothing to tie him to it.  Nothing concrete.  Went over every inch of that apartment. What is it? What did he look like? I'm not expecting anyone. Fred Duggar? Habit. I'm always all business. Good to see you, too, Randy. You don't know. Ran like hell to go to him... After that she left the party to go to him. The other guy? What kind of stuff? Friday night, at the party - what'd you fight about? But she was seeing someone else on the side. You heard me that time. \"She was nice.\"  Wow.  That makes me all soft inside.  Ever occur to you she didn't love you back? Kay Connell.  Did you love her? Did you love her? What was it? Who? Who? What was? But you were such good <i>friends...</i> You don't know. Who was Kay seeing besides Randy Stetz? Told each other everything.  That why your picture's torn up in the top drawer of her bureau? You and Kay were like sisters? Thought you wanted something fun... You want me to take you somewhere? Must be tough for you.  What happened. That's a long time. Best friend? You're not missing much. Drop the gun, Walter. Procedure went out the window a long time ago. No back-up. This an accident, Walter? Couldn't get it up, Walter? Don't you pull that shit with me. I told you that was an accident! What the hell do you know? There's nothing more to talk about. Congratulations. Randy Stetz is in jail. What about him? Doesn't sound like a mentor to me. Expensive dresses.  A heart necklace. You gave her gifts. But you wanted to. Did you have sex with her? But she was an attractive girl. Yes down at the station. You're going to be brought in for questioning. Kay Connell had a signed copy of one of your books. I said you're going to get a phone call. The phone call.  The knapsack.",
            "language": "en",
            "id": "u6009",
            "contenttype": "text/plain"
        }
    ]
}
