{
    "contentItems": [
        {
            "content": "No. You lost your way. No good options left? And Danny Zorn, what was that? And pocketed a fair amount of change while doing it. 'Why' would be enough for me. I'd rather stand if it's all the same to you. I'm sorry, Ward. Don't know. Did he say anything to you? They found Danny Zorn's body. Dead in the basement at the building where my people got hit the first time. Sorry to wake you. Well, whatever he's doing, I've had enough -- this is now a search and destroy mission.  I want the Berlin police fully briefed and --  -- get this out to all the agencies. So what's he doing? You believe him? Don't you want answers? Hold on -- he said he wants to come in. And you do? From the moment he left Treadstone, he has killed and eluded every person that you sent to find him... I've already got a team there. I doubt Bourne's in Naples to settle down and raise a family. What's definitive, is that I just lost two people in Berlin! May I finish? Excuse me. ...At the time of his death, Conklin was sitting on a personal account in the amount of seven-hundred and sixty thousand dollars. ...this is Conklin's computer. ...Ivan Mevedev -- senior financial manager -- worked for one of the new Russian petroleum companies, Pecos Oil. He claimed to know where the money landed. We believe this could have only happened with help from someone inside the Agency... This... I think I do. We had a deal going down in Berlin last week. During the buy, both our Field Agent and the seller were killed. We pulled a fingerprint from a timing charge that didn't go off.  They were killed by Jason Bourne. And Bourne? Where's he now? So you had Conklin killed.  I mean, if we're cutting the crap... I want to know what happened. Let's talk about Conklin. He does. I've been down to the archives. I have the files, Ward. I want to know about Treadstone. That's not gonna fly. Treadstone. Why you're alive?  You're alive because you're special. Because she kept you alive.  Because we want you back on our side. Sounds like a threat. Do you think you can read? Are you well enough? Thank you for your gift. I'm sorry about Marie. Are you disappointed? Careful... Ramstein Air Base, Germany.  Before the wall fell you would have woken up in a Russian prison hospital. Okay, Jason, your move. Who? Okay, how do you want to do it? What do you want? Bourne? What? The tapes? We'll know for sure when we get the security tapes. This stays between you and I.  We finally have an edge. I don't want to lose it. Alright... take it down. I want to look at the room.  Check it out. -- the hotel -- how far? -- -- uplink all relevant files to Kim --  -- and I want them to contact anyone who had anything to do with Treadstone -- Then get a number, they need to know who they're dealing with. Who's going? Us? And the Germans can't match it? We need to get in there. I think that Bourne and Conklin were in business. That Bourne is still involved. And that whatever information I was going to buy in Berlin, it was big enough to make Bourne come out from wherever he's been hiding to kill again.  How's that scan? For a thief. A mole. I vetted the source, Marty. He's real. If it does nothing more than narrow the list of suspects, it's a bargain at ten times the price. We're talking raw, unprocessed KGB files. It's not something we can go out and comparison shop. That's where we came out. Felt promising. It's a start. Let's give him half an hour. Alright... What do you think? Is he coming in? Is it fresh? And why is that? See, that's a problem for me, Nicky. Whatever he's doing, we need to end it. This isn't the kind of mess you walk away from. Some women like Dobermans -- Did you? You felt nothing? No spark? Two young people in Paris? Dangerous missions? Life and death? Not good enough. You're the person who floated this amnesia story.  Ever feel sorry for him? For what he'd been through? So he fooled you. Believed what? Are you an expert in amnesia? I'm curious about Bourne. Your interpretation of his condition. You have specific training in the identification and diagnosis of psychological conditions? You were his local contact. You were with him the night Conklin died. You're coming with us. Amnesia? What kind of problems? And what about you, anything? Are we hacking or asking? Alright... I want you, Kurt and Kim to stay on Bourne, track everything that's out there... By who? Yeah, that'll work...What the hell was he doing here? Are we locked up? Anything? What the hell is a \"Treadstone?\" Do we know what this says?",
            "language": "en",
            "id": "u623",
            "contenttype": "text/plain"
        }
    ]
}
