{
    "contentItems": [
        {
            "content": "....getthat on the tv....there... She had cancer...from her...in her stomach and I didn't go anywhere with her...and I didn't do a god thing... for her and to help her....shit...this bitch...the beautiful, beautiful bitch with perfect skin and child bearing hips and so soft...her namewasLilysee?  He liked her though he did, his mom, Frank/Jack...he took care of her and she died. She didn't stick with him and he thinks and he hates me, ok...see...I'm...that's then what you get? ....are you still walkin' in that car...? Yeah...So I go to her school for that for grade twelve...and we meet...she was fuckin...like a doll...porcelain doll...and the hips...child bearing hips...y'know that?  So beautiful. But I didn't have sex with anyone, you know?  I was not...I couldn't do anything...always scared, y'know... she was...she had some boyfriends...they liked her y'know...but I didn't like that. I couldn't get over that I wasn't a man, but she was a woman. Y'see?  Y'see I didn't make her feel ok about that....I would say, \"How many men you been with?\" She told me, I couldn't take it...take that I wasn't a man....because if I hadn't had sex with women...like as many women as she had men...then I was weak...a boy.... But I loved her...you understand? ....well, of course, I wanted to have sex with her...and I did and we were together....we met...age twelve, but then again...age seventeen...something, somethin... I didn't let her forget that I thought she was a bad...a slut.....a slut I would call her and hit her....I hit her for what she did...but we married...Lily and me and we married...but I cheated on her...over and over and over again...because I wanted to be a man and I couldn't let her be a woman...a smart, free person who was something...my mind then, so fuckin' stupid, so fuckin....jesus christ, what would I think...did I think....? ...for what I've done...She's my wife for thirty eight years...I went behind her... over and over...fucking asshole I am that I would go out and fuck and come home and get in her bed and say \"I love you...\"  This'z Jack's mother. His mother Lily...these two that I had and I lost .... and this is the regret that you make...the regret you make is the something that you take...blah...blah...blah... something, something.....  Gimme a cigarettee? No, no, the grade...the grade that you're in? She's my love...my life...love of it... In school when you're 12 years old. In school, in six grade....and I saw her and I didn't go to that school...but we met. And my friend knew her...I would say, \"What's that girl?\"  \"How's that Lily?\" \"Oh, she's a bad girl...she sleeps with guys...\"  My friend would say this....but then sometime...I went to another school, you see? But then...when high school at the end, what's that?  What is that?  When you get to the end? ...Lily...? Do you know Lily?  Phil..do you know her? that'snotmy name...find Lily, gimmme that, give it -- ...find him on the...Frank. His name's Frank Mackey -- This is so boring...so goddamn... and dying wish and all that, old man on a bed...fuck...wants one thing: -- it's not him. it's not him. He's the fuckin' asshole...Phil..c'mere... Jack. I wanna see this...where is he, do you know? ...gimme that fuckin' phone... ...I can't hold onto this anymore... You got it. Do me a personal favor -- ...cocksucker.... Other fuckin' assholes like me. \"yeah.\"  the fuck do you know? Time lines, y'know?  I remember things but not so -- right there -- y'know? ....I dunn...o....maybe ten...five, fuck, fuck....that's another thing that goes -- ...ah...maybe...yeah...she's a good one... She's a good girl.  She's a little nuts, but she's a good girl I think. She's a little daffy. And do good things with her...share the thing...all that bullshit is true, y'know...find someone and hold on all that...Where's Linda? Get a girlfriend. I don't know...I mean, he's around, he's here, in town, y'know, but I don't know...he's a tough one...very.... Do you have a girlfriend, Phil? ...ah... ...no...no goddamn use.  I have a son, y'know? Fuckin' bullshit is what this is.",
            "language": "en",
            "id": "u6428",
            "contenttype": "text/plain"
        }
    ]
}
