{
    "contentItems": [
        {
            "content": "-- how the fuck can I say anything to that -- I don't know what to say to that -- I need to sit down. I'm listening.  I'm getting better. -- you don't understand: it's more pain than before and the fucking morphine pills aren't working, he's -- past two days it's like he can't really swallow them and I don't know if they're going down -- I can't see inside his mouth anymore -- I'm up all night staring at him and I don't think the pills are going down and he moans and he hurts -- Yeah. He has Phil right now. I just, I just -- I just -- I'm just in a fucking state, I know he's going and it's like I don't know how -- just tell me <u>practical</u> things -- What the fuck do I do with his body? What happens when he dies? That next moment: What? What do I do?  Then What? -- he's fucking dying, he's dying as we're sitting here and there isn't a fucking thing -- jesus, how can you tell me to calm down? Shut the fuck up. I have to go. Now you must really shut the fuck up, please. Shut The Fuck Up. Shut the fuck up. Shut the fuck up. Shut the fuck up. This is so over-the-top and fucked-up I can hardly stand it. -- that can't happen.  Earl doesn't want him to have the money, the things. What does that mean? Where will the money go? I can't. This is not any fucking medication talking, this isn't -- I don't know. I don't know -- Can you give me nothing? You have power of attorney, can you see him, can you, in this final fucking moment, go see him and make sure --- change the fucking will -- I don't want any money, I couldn't live with myself, this thing I've done -- I've fucking done so many bad things -- I fucked around.  I fucked around on him, I fucking cheated on him, Alan. You're his lawyer, our laywer, THERE, I'm his wife, we are married. I broke the conract of marriage, I fucking cheated on him, many times over, I sucked other men's cocks and fuck - fuck - fuck - ....fuck.... Other Things I've Done.. I don't want him to die, I didn't love him when we met, and I've done so many bad things to him that he doesn't know, things I want to confess to him, but now I do: I love him. I love him so much and I can't stand -- he's going. No, no....no, you see...I never loved him. I never loved him, Earl.  When I started, when I met him, I met him and I fucked him and I married him because I wanted his money, do you understand?  I'm telling you this now...this I've never told anyone...I didn't love him. And now....I know I'm in that will, I know, I was there with him, we were all there together when we made that fucking thing and all the money I'II get -- I don't want it -- Because I love him so much now...I've fallen in love with him now, for real, as he's dying, and I look at him and he's about to go, Alan, he's dead...he's moments...  I took care of him through this, Alan. And What Now Then? -- I have something to tell you. I have to tell you something. I want to change his will, can I change his will?...I need to --- Like a shrink, like if I go to see a shrink, I'm protected, I can say things -- fuck -- I don't know what I'm doing -- If I talk to you...y'know...if I tell you things...then you're a lawyer, right? You can't say things, you can't tell anyone, it's like the privelage, right? Attornery-client, you understand? No...I just... I'm so fucked up here Alan, I don't know...there's so much...so many things -- Tell him I'm sorry, ok, yes, you do that, now, I'm sorry, tell him, for all the things I've done...I fucked up and I'm sorry.... And I'm Gonna Turn Away And Walk Now And Not Look At Him Not See My Man, My Earl, I'll leave now...and tell him it's ok and I'm ok. The whole thing was ok with me -- and I know. listen...listen to me now, Phil: I'm sorry, sorry I slapped your face. ...because I don't know what I'm doing... ...I don't know how to do this, y'know? You understand?  y'know?  I...I'm...I do things and I fuck up and I fucked up....forgive me, ok? Can you just... BULLSHIT. BULLSHIT HE DIDN'T ASK YOU, HE DOESN'T WANT HIM, HE DOESN'T WANT TO TALK TO HIM, SO FUCK YOU THAT HE ASKED THAT. THERE IS NO ONE BUT ME AND HIM. You don't do that, you don't call him, you don't know to get involved in the bussiness of his, of his of <u>my</u> family. this is the <u>family</u>, <u>me</u> and <u>him</u> do you understand?  You understand? NO ONE ELSE. THERE IS NO ONE ELSE.  That man, his son does not exist.  HE IS DEAD.  HE IS DEAD and WHO TOLD YOU TO DO THAT? PUT THE FUCKIN' PHONE DOWN, HANG IT UP. Hang up the phone. What are you doing? I COME IN HERE - YOU DON'T KNOW, YOU DON'T KNOW WHO THE FUCK I AM OR WHAT MY LIFE IS AND YOU HAVE THE FUCKING BALLS, THE <u>INDECENCY</u> TO ASK ME A QUESTION ABOUT MY LIFE -- You motherfucker...you motherfucker.... YOU FUCKING ASSHOLE, WHO THE FUCK ARE YOU? WHO THE FUCK DO YOU THINK YOU ARE? ...I don't.... mmmhmm. Hi.",
            "language": "en",
            "id": "u6438",
            "contenttype": "text/plain"
        }
    ]
}
