{
    "contentItems": [
        {
            "content": "Who? They went out over there: must be some kind of exit. Anybody bitten? How's your hernia? You want to split your hernia again? Listen! It's there! KNOCK IT OFF! We go through the wall? Tunnel? Years? Twenty months? The airport. Trying to get on the plane for the States. Two kilos. Yeah. The kids? Why are they... ...He had a bald skull and... Looks like a cheap hotel. Getchmis...? DAD! I know. For the money... ) How do you like it?  Istanbul? Where you staying, Dad? Nothing. Just twisted my ankle. Dad...  I'll pay you back for all this, I Promise. No, don't let her!  I'll... How about Peg? Robbie? Yeah. How's Mom? Dad...I'm... Okay!  Ley me out right here.  I'm getting tired of all this bullshit from you.  I'll walk it. Where are the minefields? I'll pay extra Not far. Just a little way. Those mountains? are they? Sixty? About ten kilometers. Sure. Yes.  I think so. A cabdriver. He picked me up in the Pudding Shoppe in the bazaar. Yes...? No, I'm not afraid. Jeez, she used to say I was the lucky one. She didn't know anything about...I wouldn't have wanted her to. ...She was on the plane. He sells insurance for Metropolitan Life. Yeah. Parents, brother, sister. Babylon, Long Island. I was just going to sell it to friends.  I'm not a pusher, honest. Three, four thousand...I don't know.  The guy offered me the hash--  ...it just seemed like easy money. Two hundred dollars. It was my last two hundred. ...are you with the Consulate? I just needed some extra money.  I was broke, the guy offered me the hash and... But just... But didn't have heroin. Stupid. How long? He wasn't even in the car? That doesn't seem so bad. It's not fair! How much did you have? What they give you? And you? What did he do? Yeah.  That guy who beat me?  I feel stoned. I'm Billy Hayes... At least I used to be. About as good as it looks. What do you mean LIFE FOR FOR WHAT! FOR WHAT! And? What do you mean? What's wrong? Thank you. Hello. Why the suit? Bad. Sent to the City Hospital. They ruptured his hernia again. Just got some news on Bell. Max - where? Yeah? Where? What? ...His money - steal that, you steal his blood... Could you see his face when everything he worked so hard to get got snatched?  If we knew where he hid it.  Anyway, steal from him they'd pick up the whole prison and shake it sideways.  We couldn't hide it anywhere. It's already been cut. Max, sit down. You're in no shape to kill anybody. Whose? What? Max... Your BILLY shirt's on fire... After we're outside the kogus? Then we're outside the kogus. Then what? Yeah. We go back, seal it up again, and come in tomorrow night - every night 'till we get out of here. There's gotta be a way. Those bats got out someplace.  Now let's go.  Doubletime! We go back. Shit!  Shit!  Shit! What time is it? Jimmy? Okay? You got your stuff? Where is it? Section 13? But how would you get into the shaft, Jimmy? What's that? What do you mean? Take it off! Take it off!  ...S'il vous plait?... For Christ's sake, just GET on the plane, okay! Susan - forget it. Go get us a seat on the plane. Now. My passport! You're right. Never was anybody like you... Look, I think I'm going to have to go to the john again.  You go on through, I'll catch up. I think I've been poisoned. I don't hear you bitch about the money. Hey, Ziat, hurry up with the tea will ay! That's a great philosophy. Learn what? Know what? Oh shove it, Ziat for all the money you have, you have nothing! But you fuck with me. You fuck with me all the time. You make crummy tea.  You rip us off on the hash. You're ayip! What is it with you man, what the hell is it? Did you ask for bail? What'd the Prosecutor say? If I get bail, Mister Yesil, they say it's easy to cross the border into Greece? Mr. Yesil.",
            "language": "en",
            "id": "u6593",
            "contenttype": "text/plain"
        }
    ]
}
