{
    "contentItems": [
        {
            "content": "I think we both know her. I have of course observed the girl in treating her. Then... may I speak quite frankly with you, Mr. Hillyer? First, about the girl's history. Evidently she's been very promiscuous since early childhood, she has no control over her sexual impulses. Furthermore, she is permanently barren, she can't have children. Oh, it's definitely better, beyond question. A fatherless child, an ignorant girl with no job, no money, no home. It's fortunate, a blessing really, and a stroke of good luck for another reason I want to mention to you. Any major operation is dangerous. However, as we know from her previous illness, she's a very strong girl. The point is you don't grow up like that on a diet of sorghum and hominy grits. She got protein somewhere, she's a very strong girl and I think she'll live... despite the delay in medical treatment. Actually of course I won't operate, I don't do major surgery. Dr. Hardy will operate and of course he'll be guided by your wishes in this respect. Yes, I understand you, but you have misunderstood me completely. Illusions, Madam? Mrs. Hillyer, this girl is sick in more ways than one. She is an extreme psychoneurotic with uncontrollable sexual impulses. It would be a mercy to spare her the suffering she causes herself and others. Therefore I recommend as a therapeutic measure the removal of her second ovary. It is ethically and medically the only proper decision in this case and I suspect your husband agrees with me. I am thinking particularly of the other ovary. As a rule I don't believe in removing it. The woman's hormonal system is profoundly disturbed, she is subject to possibly serious depression, she loses many of her secondary sexual characteristics for example, her breasts might shrink and become flabby, facial hair might appear along with a coarsening of the features, and of course her sexual drive is greatly diminished, especially in a girl or young woman. For these reasons I am opposed to removing the other ovary, as a rule. Do you follow me? I'm sorry the truth nauseates you, Mrs. Hillyer, because before you leave there's a bit more of it I'd like to put to you. This operation provides a therapeutic opportunity that I feel is quite important in regard to this particular girl, who suffers not only from an ovarian cyst but from a certain psychoneurotic condition as well. She's an adult, Mrs. Hillyer, I was merely giving her the facts. We make our own lives, Madam. As for malignancy, I don't think so, it's very unlikely. I probably shouldn't have even mentioned that possibility to her. Don't worry, Madam, she can't infect your dear little kiddies. She long ago fully recovered, but the disease did irreparable damage. The girl is permanently barren. I'm not surprised you thought she was pregnant. An ovarian cyst can look very much like pregnancy. But it was pure wishful thinking on her part. The girl can never have children, she had gonorrhea at fifteen and it was untreated. Let me be the judge of that, Madam. I beg your pardon, epi-zoo-tics? Do you mean \"epi-zoo-ot-tics,\" an animal epidemic? It's simply that I find it incredible, Mr. Hillyer. Aside from the girl's illness at the moment, she is very strong, a very healthy specimen of a young human female -- and a comely one, too. She must have gotten protein somewhere as a young child, if only sporadically. Exactly, and that's why she couldn't possibly have come from such a farm. A tenant farm? Are you trying to tell me that girl is a product of the hookworm and pellagra belt? Afraid of the hospital? Of course she does and I must say I'm puzzled by your delay in getting her to the hospital. I should think ordinary powers of observation would have suggested to you that she was seriously ill. Well, Mrs. Hillyer, the girl is strong as an ox and that is what is keeping her alive. But not many people walk away from double pneumonia, Madam, not many.",
            "language": "en",
            "id": "u7224",
            "contenttype": "text/plain"
        }
    ]
}
