{
    "contentItems": [
        {
            "content": "Or Kat.... Still-- Actually, I do. To make sure you\u0092re okay. Sorry to interrupt. Your dad sent me. It\u0092s not me. I swear. It\u0092s her. She\u0092s magic. I figured you could pick up your car tomorrow. Yeah, kind of. I\u0092ll just check into a hotel. I had to say something to get you here. I\u0092m a hooker. It\u0092s been my experience that the people who hire a prostitute, need a prostitute.  You did the right thing. Um, just about everyone. No, I can\u0092t. We\u0092re late for a dance lesson. I guess you\u0092ll have to finish up later. Hey, man. No, tell me. What? Shrink, actually. Hey. Nice speech. I thought it was \u0093touching\u0094... and \u0093funny.\u0094 I have to.  I\u0092m the best man. I should go. Hi. Go ahead, Kat. Hate me. You were running out of steam on the whole Jeffrey thing. Maybe now you\u0092ll be able to hold onto this just long enough to ruin your next relationship. You\u0092re judging me?! Oh, that\u0092s a good one. You\u0092re lying to me, you\u0092re lying to your family, and you\u0092re lying to yourself. But you\u0092re going to stand there and point a finger at me? The man you hired to pretend to be your boyfriend? Yeah! For all I know, come Monday morning, we\u0092ll go back to the real world and...and you\u0092ll be hiring me for your best friend! Besides, you hired me for my discretion. So what\u0092s with the nickname? And that\u0092s when he peed in his pants? After the tart? Fourteen and he\u0092s hoodwinked by a an erector set? Yeah. You? What would you do if you stopped worrying about what other people think? Make out with you for free. There was something in your voice on the phone that day. When I said I\u0092d never done a wedding before, I didn\u0092t say that no one ever asked. I just never said yes. Sure, but it\u0092s never easy. They say they\u0092re okay with it, and they are...for a while. Then one day, they\u0092re not. It\u0092s my job. You paid me for a lot of reasons. Closure wasn\u0092t one of them. I just hate seeing you so stuck. Hello, goodbye, I want you, I hate you. It\u0092s all just words. None of it means anything. What matters is what you do. You either stay put or you walk away. If you look back, you\u0092re not walking away! Yup. That\u0092s why you get to keep your money. Believe me, if anything had happened, that would have been one of the highlights. For you. No, no. The three hundred is for you doing it to me. Not dollars. Pounds. Don\u0092t they have a limit at those machines? If I was going to charge you, I would have told you beforehand. I thought I explained that. Is this for last night? We kissed. Made out a little. Then you passed out. I\u0092ve got this bad taste in my mouth. What is it? I think it\u0092s the words: \u0093morally repugnant.\u0094 It\u0092s hard to explain. I disappear. It\u0092s not about me. I swear. I don\u0092t have a signature move. Don\u0092t stop asking questions, okay? I love that you\u0092re asking questions, but do you really want to get into all of this? There\u0092s a guy on 81st and Madison. You get your results in 24 hours.  Do you make your lovers get tested before you sleep with them? What do you think? Are you asking me if I\u0092m gay for pay? When you\u0092re ready to let go, to be unsingle and unmiserable, you will. Until then.... Yes. First of all, it\u0092s never out of the blue. And second of all-- Admit it. You were disturbed, but ultimately moved. I have a different story for every woman who asks. I look at her and figure out what she needs to hear to feel okay about being with me. Yeah. As an adult, I needed to find some way to experience intimacy and sex, but with rules that couldn\u0092t be violated. The real story is that my mother was a hippie. And a stripper. She was insanely inappropriate with me. She used to wash her lingerie in my bathwater. While I was still in the bath. Would you grab my shampoo? Your \u0093friend\u0094 guaranteed my anonymity. How did you know that was me? This happened to you? That\u0092s right. Imagine facing it alone. Not the way you\u0092re thinking. The women wanted me there for support. You can understand that. A weekend? You stand on your tiptoes. It\u0092s cute. Who are they? You quitting? It\u0092s okay. Hell, I\u0092ve never paid for it. But please don\u0092t feel like you have to explain yourself to me. Great, with the occasional stabs of shame. Now, listen, this covers the weekend, but as we discussed, if you want to be intimate, we talk money before anything happens. On the nose.  I tell you what, because you\u0092re so cute, I\u0092ll take care of our incidentals. Why? You\u0092re too good for him. I don\u0092t know. He was pretty drunk, but I think he\u0092s still crazy about you. Love. The Knicks game? We both wanted the last hot dog? You know, they say you can tell everything you need to know about a person from the way they act when they\u0092re naked. Both. Mmm. Mission accomplished. You\u0092re funny. What color are my shoes? You think we look like we\u0092re trying too hard. Kat. Will do. --and The ass of The man who adores her. I say that feeling compelled to do the opposite of your parents is as enslaving as emulating them. What would you say if I told you I was a member of an elite task force employed to safeguard our nation\u0092s most precious resource: your daughter. I am now, sir. I\u0092m guessing MacCallum, 18 years.  Neat, with a water-back.",
            "language": "en",
            "id": "u7730",
            "contenttype": "text/plain"
        }
    ]
}
