{
    "contentItems": [
        {
            "content": "Of COURSE!! Ice cream!! NO WAY, DUDE! I'VE LOOKED ALL OVER FOR YOU, AND NOW YOU HAVE TO TELL ME HOW TO GET WENDY TO LIKE ME!! Wait, you're supposed to tell me how to get Wendy to like me. The clitoris?! I DID IT!! I FOUND THE CLITORIS!! What... are you? What... Holy shit Cartman!  What was that?! We're going... Let's run through the plan!! What? Maybe THAT'S who your father is, Cartman! Is it Cartman's mom? But what are we going to do against this entire army? -No Cheesy Poofs... What the hell is happening? That book wasn't Canadian! What is this? Chef, do you know anything about women? To free Terrance and Phillip. About what? Dude! Chef, what does it mean that we're at war? No, what does that mean, find the clitoris? Huh? What's the secret to making a woman happy? Hey, Chef. WE'RE going! WE started La Resistance to save Terrance and Phillip! We're going! What? Oh no, it's that kid. Who are you, kid? Mom, I'm a man. Just a man. And I'm going to have fun with profanity just like you and dad did when you were little. Yeah, but you know, I learned something today.  I learned that getting all worked up over fuck and shit and cockmaster is just stupid... You all focused so hard on erasing profanity that you forgot the most important thing... To love each other. Yeah, thanks for going back to hell for us. You're a real pal. Are you sure, Kenny? Dude, I found the clitoris! I think I can get Wendy to like me now! Oh, brother. Me?! Yeah, so what do we say? Dude, do you know what you're doing? Wow! Wait! Before we put a message out, do a search on the word 'clitoris'. I agree! The only way to save our future is to unite and fight!  <b>Something must be done! We must take action fast! My parents have gotten so strict they forgot they were children in the past!</b> What has the world come to? This is horrible. We're locked up, burning books, hating other people- All it says is that it's above the vulva... But where the hell is the vulva? I'm so sick of these soldiers. Totally! Dude!  It's the V-chip!  It shocks him ever time he cusses! What's the difference? I bet she would if my name was GREGORY!! She's Not! But if she WAS it would be THAT little asshole who's fucking it up for me! That British dickhole is what's taking Wendy away from me! What? What don't I get?  What don't I get? How do we do that? Dude, our moms arrested Terrance and Phillip! How can they do this? Oh my God! THEY killed Kenny! OH MY GOD!! YOU KILLED KENNY!! Yeah... Yeah! Nowhere. Now remember, don't tell anybody we saw the Terrance and Phillip movie! She's not my girlfriend, dude! <b>Thank my lucky stars Here before me now Is everything I'd ever hoped for Knew it in a word Saw it in a glance The only thing I think I'd die for...</b> Where do they come up with this stuff?! This is terrible! This can't be happening!! Kyle, check it out. <b>Knew it in a word Saw it in a glance The only thing I think I'd die for</b> Cool! You didn't? Really? Where the hell do you keep it? It's huge. My friend the clitoris told me. Wendy... How would you like to go get some ice cream? Wendy? Wendy? God damn it, why does she keep saying that? What's the matter, Wendy? Hi Wendy. What the hell are you talking about, kid? Yeah! <u>WHAT?!</u> Didn't you think it was funny, Wendy? Did you see that, Wendy? We saw the Terrance and Phillip movie! Check. Got it. Dude, you didn't say anything about watches. We're going to die here like baby mice who have had no milk in days.  Dry up into crunchy little pinkies. What is it?",
            "language": "en",
            "id": "u7770",
            "contenttype": "text/plain"
        }
    ]
}
