{
    "contentItems": [
        {
            "content": "The virus itself might have positive applications.  They'll keep the plants in secure lock up while the studies are made.  Greg isn't joining us? This on top of the scratches... isn't it proof! Did you hear that?  My God.  He says that Mbwun is real! May I see that? I'm one of the few who know every inch it, now that John is gone. Look who's here, Margo. Remember, it has poor eyesight.  It hunts with its sense of smell.  So for God's sake, Margo, don't get those fibers on your clothes! Come back and get me. I'm coming with you. We can't.  We've managed to get inside the one place that's safe.  I think we should sit tight and wait for reinforcements.  If we go outside, we're risking more lives. You have to accept it, Margo, there's nothing we can do.  The building must be swarming with police by now.  It won't take long for them to get through the doors. It's one of the fire doors.  Good Lord, Margo.  We're trapped! Don't stop now. Some kind of power failure.  Maybe it's the storm.  Do you have a flashlight? It's like ringing the dinner bell. Margo, what you've just described is a killing machine. So the claw came from a huge creature with a preternatural sense of smell and poor eyesight that hunts at night. Quadrupedal!  The other name for Mbwun.  \"He Who Walks on All Fours.\" That's not so unusual.  Many plants carry viruses.  Like the burls on Maple trees. Come on, Margo.  We're on the verge of something huge.  Let's consider the possibility, just the three of us, alone in this room.  What if John was right.  I mean, what if?  And he sent back an egg of his monster in the crates.  When it got to the museum, it hatched. Like the claw. They're eggs. Margo, these aren't seed pods. You're right. I'm not sure.  As you know, the Kothoga lived outside civilization on the tepui for thousands of years. Species flourished in isolation when man and pollution rendered them extinct.  This could be one of the last remaining samples of an unknown plant. Let me see the plant press. I can't help thinking there's something that Pendergast overlooked.  If the scratches were made by whatever killed Beauregard, it wants something that's in here. Cuthbert's counting on the exhibition's success.  The museum is in debt.  Contributions and public funding have dried up.  Admissions no longer cover overhead.  The last big infusion of cash we had was the King Tut exhibit.  Cuthbert was hired to get us out of the red.  If the Superstition Exhibit isn't lucrative, he'll have to start auctioning off some of these gems. Everyone needs a change of scenery. I've been rolling down these halls for forty-odd years.  That's quite enough. This isn't a death sentence.  Greg has promised to teach me fly fishing.  I'll garden.  I'll write. You must. Come on.  I'll walk you back to the elevator. Healing plant use among the Ki tribe of Bechuanaland has been cancelled to make room for Tibetan Erotic Art. With all due respect, dear, that's bull.  You dance rings around me with your new technology.  You've left me in the dust. Yes it is.  I'm tired and I'm no longer needed -- No, Margo.  This is one problem you can't solve.  You have to stay out of it.  The fact is, I want to retire. Please.  Don't humiliate me further. That, apparently, is the problem. I'm yesterday's news.  Who needs a Curator of Plant Biology in a museum with one exhibit on plants?  Monsters and dinosaurs, cannibals and shamans are the new currency of the realm. Now Margo, don't overreact.  Cuthbert has to cut costs somehow.  My leaving makes perfect sense.  This isn't exactly early retirement.  I've overstayed the party a bit. Yes.  Bit of a shock.  But as Cuthbert so tactfully put it, the museum needs new blood.  And since I've been here since the Mesozoic Era -- They were sent to the Center For Disease Control in Atlanta. What's that? Margo, this is too dangerous.  You always think you can solve everything.  This time you don't have enough information.  The animal might behave in unexpected ways.  Leave her here with me.  Don't put her in danger. We think it may have something to do with the eggs we found in the crate. I don't know.  It was walled over.  No one's been down there in years. Not really.  Just the sub-basement. Yes. \"Dear Louis, Tomorrow we go to the south end of the tepui where we'll be in the greatest danger, so I'm sending Carlos back with the crates.  You always believed in me, Louis, even in the darkest days.  So it gives me great pleasure to tell you your faith has been rewarded.  We've made an incredible find.  I enclose a representation of Mbwun.  Note the exaggerated claws, the reptilian attributes, the hints of bipedalia. It's beyond belief, but this statue is accurate.  I know because I've seen the beast.\" It's from John.  Those two arrows were his insignia.  It's addressed to Louis Moriarty, a patron who financed his expeditions. This means there must be an animal loose in the museum! Something tried to get into this room! Yes.  John made quite a study of the whole museum.  He had a copy of my original plans. They fill seven floors.  We have the largest collection of mammals and dinosaurs in the world.  Just to give you an idea, there are more than three million insects specimens.  Not to mention amphibians, reptiles, birds, anthropological artifacts, meteorites, minerals and gems.  Only about five percent of the museum collection is actually on display. Happy to be useful.  It's rare enough these days.  According to security, Beauregard put the Whittlesley crates in storage area 1012.",
            "language": "en",
            "id": "u8164",
            "contenttype": "text/plain"
        }
    ]
}
