{
    "contentItems": [
        {
            "content": "Huh! And they say charity\u0092s only rewarded in Heaven... Hallelujah...  Christ... You cannot walk away from this. You cannot. My ex-husband. My work drove him away. Made his life a misery. He thinks I\u0092m obsessed, punishing myself for what happened to our son.  But he\u0092s a good guy. He\u0092ll listen to you. He won\u0092t turn you in if I ask him not to. I can pretty much guarantee that. Okay? ...I\u0092m Emily Stewart. The hysterical female who sees evil everywhere since the day her thirteen year-old boy disappeared. The pain in the ass who cries wolf at the drop of a hat. However I go about this that\u0092s who I am. Do you get what I\u0092m fucking saying, Mr Lombard? Damn it! You can\u0092t fucking walk away from this! Look! Either you talk or the creeps are gonna walk. For god\u0092s sake. What am I supposed to say? I got this from a French guy from England who broke in there to have a chat with an Austrian child trafficker? Is that it? A seminar in a baby breeding farm! Bodies in acid! You think I\u0092ll get anywhere with that? Jesus! With luck I might raise a laugh. They might even send a patrol car to check the place out. Whatever, it\u0092ll be too late. That-that won\u0092t do. That\u0092s not the way it goes. You saw it, you tell it, that\u0092s the way... We\u0092re both thinking the same thing, right? Italian? The Mafia...? So who... Who\u0092s the man? Where is he? What...? Look, you don\u0092t tell me about some Godforsaken place where stuff so bad even I couldn\u0092t imagine it goes down and expect me to go quietly to sleep! What happened? Who\u0092s the guy? The Austrian? Have you found your man? Is that where he is? Oh. What... Yeah. Okay. What am I to do with the packages if... Don\u0092t fall asleep with your hair wet. Right... Well, I\u0092ll get your money first thing in the morning, okay?  Okay. Goodnight then. A little too tight, eh?  ...They were my son\u0092s. Only thirteen and already six feet tall. A real lanky boy...  I... There\u0092s some cold chicken salad in the fridge if you\u0092re hungry. Come on, Mr Lombard. You tailed your man all the way here from Europe. You told me you knew where to find him, remember? Or didn\u0092t I hear you right? Did you not enter this country illegally? It\u0092s give and take time, Mr Lombard. You need help, we need information. You didn\u0092t really expect me to put my ass on the line helping a criminal just for the thrill of it, did you? How come you\u0092re alive? Child traffickers usually achieve what they set out to do.  What am I really looking at here, huh?  Are you really not just a lousy private eye? Am I really looking at some kind of cunning dispenser of justice in disguise? Like you\u0092ll find a way to stop your Austrian killing you a second time round? No answer. You have no passport and your Embassy\u0092s out. How do you plan to leave the U.S., Mr Lombard? A recent acquisition. We\u0092ve had four break- ins this year alone; files stolen, computers wrecked, faeces smeared on walls. The good guys dismiss us as alarmist do-gooders; the bad guys will risk prison to intimidate and rob us. An easy living indeed, Mr Lombard.  I got through to Moreau and Jane. I left your landlord out of it. Your flat\u0092s been broken into. Jane wants you to call her back. There\u0092ve been 7 international treaties since 1904 aimed at preventing child slavery. But still no worldwide body dedicated to investigating the maltreatment of children used in sexual exploitation. Officially, it\u0092s just not called for. Sit down. Can I offer you some coffee? I might come back, I might not. But if I do, it won\u0092t be for a couple of hours. You know where to look for your Austrian, right? There are over 4 million people in this city - why me? Have you never heard of collect calls, Mr... You don\u0092t know why he\u0092s come to Los Angeles?  The man you say he killed? Who was he? A colleague of his? By your Austrian? Where were you staying before the attempt on your life and why can\u0092t you go back there? Okay. The woman just can\u0092t walk away...  I want straight answers. No hesitation or I walk for sure. Why can\u0092t you go to your Embassy? You...  Jesus Christ! I can\u0092t believe this...  What\u0092s coming now, eh? If I don\u0092t pay all Hell\u0092s gonna break loose, is that it? Is this some kind of sick stunt? Let me guess.  You want money, right? I\u0092m fine standing, thank you. I don\u0092t smoke. If you could get to the point... You\u0092re a long way from home... May I ask where you\u0092re from, Mr Lamont? Shit! Fuck! What\u0092s fucking wrong with people!  I\u0092m going to bed. And sweet dreams to you to!  No. You\u0092re looking at a real Musketeer here, Whitney. Brave and rash. Had to dash in there.  Take a prisoner... Might as well have sent them a notice to quit...  Come on, Musketeer! Got anything to say? Look at him, Whitney. Come all the way from England to clean up California. Huh! That\u0092s right. Where\u0092s the fucking Italian, eh, Mr French hero? If you have hard evidence about a child trafficker, we want it, Mr Lombard. And we want it before you get yourself killed... Whitney Armstrong, my deputy. What Whitney\u0092s trying to say is that you might not live to tell the tale next time you meet your Austrian...",
            "language": "en",
            "id": "u8295",
            "contenttype": "text/plain"
        }
    ]
}
