{
    "contentItems": [
        {
            "content": "You got that playing basketball? Holy Mary, Mother of God. You can't have just one. Knock wood. Let me speak to Clarence. Not yet. Yeah, my room-mate leaves it on the TV. What letter? Wait a minute - Hello, Alabama. No. But thanks. Well, if we're not gonna do it, let's just get in the car and get the fuck outta here. Now's a helluva time to play \"what if\". Do you really mean it? Look, Dillinger, Lee Donowitz is not a pimp - In case of what? What the fuck did you bring that for. Um, nothing, let's go? Clarence. They didn't even want a callback. They just hired me like that. Me and Peter Breck are the two heavies. We start shooting Monday. My call is for seven o'clock in the morning. I got the part on \"T.J. Hooker\". Yeah, well if we got lost, it's your ass.  Come on, Clarence, lets go. Elliot's going to meet us in the lobby. Clarence... Two guys. Now you want me to help you with some big drug deal. Fuck, Clarence, you killed somebody and you're blowin' it off like it don't mean shit. Shut up! First you come waltzing into my life after two years. You're married. You killed a guy. Would you just shut up a minute and let me think? Where? Elliot Blitzer. Elliot. Hardly anything. I wasn't sure from your letter what was bullshit, and what wasn't. He's nothing. He's in my acting class. But he works as an assistant to a very powerful movie producer named Lee Donowitz. I thought Donowitz could be interested in a deal like this. He could use it. He could afford it. It's difficult because you're sellin' it to a particular group. Big shots. Fat cats. Guys who can use that kind of quantity. Guys who can afford two hundred thousand. Basically, guys I don't know. You don't know. And, more important, they don't know you. I did talk with one guy who could possibly help you. Do you have any idea how difficult that's gonna be? Yeah, they do. And maybe when I start being a successful actor I'll know those guys. But most of the people I know are like me. They ain't got a pot to piss in or a window to throw it out of. Now, if you want to sell a little bit at a time - Look, Clarence, I'm not Joe Cocaine. This is Drexl's coke? I don't know! A fuckin' lot! Do you have any idea how much fuckin' coke you got? You've got a helluva lotta coke there, man! It's fuckin' real!  It's fuckin' real! This shit can't be real. You're really in love, aren't you? How much of that letter was on the up and up? You don't meet him in the audition. That comes later. Hope, hope. ... formica. I did real well. I think she liked me. What's so fuckin' good about it? Actresses are the most fucked-in-the-head bunch of women in the world. It's like they gotta pass a test of emotional instability before they can get their SAG card. Oh, guess what? I had a really good reading for \"T.J. Hooker\" the other day. Well, for the past couple of years I've been goin' out with girls from my acting class. Just like in Detroit, only skinnier. That's a pretty amazing story. Money problems? Clarence sent a letter? Alabama, could you tell Clar - What? Get the fuck outta here! Get the fuck outta here! What's up? Why're leavin' Detroit? You comin' to L.A.? When? It's great to hear from you. Clarence? Well, don't just sit there, shoot him. Where'd he come from? Absolutely. Sure. No problem. Thank you. Well, don't just sit there, shoot him. Where'd you come from? I'm me... I mean, that's me.",
            "language": "en",
            "id": "u8637",
            "contenttype": "text/plain"
        }
    ]
}
