{
    "contentItems": [
        {
            "content": "Every time I tell you that I love you, you flinch. But that's your problem. 'Drugged' is a stupid word. Hell no, the cranes are wonderful, okay, but I'm not in this for whooping cranes. I'm in it for cowgirls. If we cowgirls give in to authority on this crane issue, then cowgirls become just another compromise. I want a finer fate than that -- for me and for every other cowgirl. Better no cowgirls at all than cowgirls compromised. Looks like every time we get together things are in a mess. FROM MEN, THE WHOOPING CRANE HAS RECEIVED NEITHER LOVE NOR RESPECT. MEN HAVE DRAINED THE CRANE'S MARSHES, STOLEN ITS EGGS, INVADED ITS PRIVACY, POLLUTED ITS FOOD, FOULED ITS AIR, BLOWN IT APART WITH BUCKSHOT. I wouldn't say that. I expect she's right, ultimately. But I'm with Delores when it comes to fighting for what's mine. I can't understand why Delores is so uptight about the Chink; he could probably teach her a thing or two. Ee! That grass tickles, doesn't it? God knows I love women, but nothing can take the place of a man that fits. Still this is cowgirl territory and I'll stand with Delores and fight any bastards who might deny it. I guess I've always been a scrapper. Look. This scar. Only twelve years old and I was felled by a silver bullet. Debbie says that if women are to take charge again, they must do it in the feminine way; they mustn't resort to aggressive and violent masculine methods. She says it is up to women to show themselves better than men, to love men, set good examples for them and guide them tenderly toward the New Age. She's a real dreamer, that Debbie-dear. ......Delores zonks out on peyote at least once a week, but so far her Third Vision hasn't happened. Niwet\u00fckame, the Mother Goddess has not gotten back in touch with her. Meanwhile she and Debbie are rivaling each other like a couple of crosstown high schools. Tension. Cowgirl tension! What a drag. Learned from the Chink? Oh my. Ha ha. That's hard to say. We mostly.... Uh, a lot of his talk is pretty goofy. Did that last comment sound too profound to be coming outta my mouth? It's not original. It's something I picked up from the Chink. No, ma'am. No way. There's girls on the Rubber Rose who are political, but I don't share their views. I got no cowgirl ideology to expound. \"Politics is for people who have a passion for changing life but lack a passion for living it.\" Cowgirls exist as an image. A fairly common image. The idea of cowgirls especially for little girls prevails in our culture. Therefore, it seems to me, the existence of cowgirls should prevail. Otherwise, they're being fooled. In the Rodeo Hall of Fame in Oklahoma City there are just two cowgirls. Two. And both of 'em are trick-riders. Trick-riding is what cowgirls have almost always done in rodeos. Our society sure likes to see its unconventional women do tricks. That's what prostitutes call it, you know: 'tricking.' About... Well, that doesn't matter; that part never interested me anyway. The beatnicks were before my time, and I never got anything outta the hippies but bad dope, clich\u00e9s and the clap. But the example of your life helped me in my struggle to be a cowgirl. Oh, I know about Sissy Hankshaw, all right. I've done a little hitchhiking myself. Ah shucks, that's like telling Annie Oakley you're a sharpshooter because you once knocked a tomato can off a stump with a fieldstone. I'd heard tales about you from people I'd meet in jail cells and truckstops. I heard about your, uh, your, ah, your wonderful thumbs, and I heard how you were Jack Kerouac's girl friend... Welcome, podner. By God, it's great to have you here. It's an honor. Sorry I took so long getting to you, but we've had a mess of hard work these past few days -- and a heap of planning to do.",
            "language": "en",
            "id": "u874",
            "contenttype": "text/plain"
        }
    ]
}
